{
    "waves": [
        {
            "Infinite": false,
            "EnemyNumber": 5,
            "SpawnIntervalRange": {
                "x": 5.0,
                "y": 8.0
            },
            "PositivityRange": {
                "x": 2.0,
                "y": 3.0
            },
            "AggressivityRange": {
                "x": 0.30000001192092898,
                "y": 0.5
            },
            "ATKRange": {
                "x": 10,
                "y": 15
            },
            "MaxHpRange": {
                "x": 70,
                "y": 100
            },
            "DexterityRange": {
                "x": 2.0,
                "y": 3.0
            },
            "SkinColors": [
                {
                    "r": 0.0,
                    "g": 1.0,
                    "b": 0.02149176597595215,
                    "a": 1.0
                },
                {
                    "r": 1.0,
                    "g": 0.9564915895462036,
                    "b": 0.0,
                    "a": 0.9843137264251709
                },
                {
                    "r": 0.0,
                    "g": 1.0,
                    "b": 0.7445180416107178,
                    "a": 1.0
                }
            ]
        },
        {
            "Infinite": false,
            "EnemyNumber": 10,
            "SpawnIntervalRange": {
                "x": 3.0,
                "y": 5.0
            },
            "PositivityRange": {
                "x": 3.0,
                "y": 4.0
            },
            "AggressivityRange": {
                "x": 0.30000001192092898,
                "y": 0.5
            },
            "ATKRange": {
                "x": 10,
                "y": 15
            },
            "MaxHpRange": {
                "x": 80,
                "y": 120
            },
            "DexterityRange": {
                "x": 2.0,
                "y": 3.0
            },
            "SkinColors": [
                {
                    "r": 0.0,
                    "g": 1.0,
                    "b": 0.02149176597595215,
                    "a": 1.0
                },
                {
                    "r": 1.0,
                    "g": 0.9564915895462036,
                    "b": 0.0,
                    "a": 0.9843137264251709
                },
                {
                    "r": 0.0,
                    "g": 1.0,
                    "b": 0.7445180416107178,
                    "a": 1.0
                }
            ]
        },
        {
            "Infinite": false,
            "EnemyNumber": 10,
            "SpawnIntervalRange": {
                "x": 2.0,
                "y": 4.0
            },
            "PositivityRange": {
                "x": 3.0,
                "y": 4.0
            },
            "AggressivityRange": {
                "x": 0.20000000298023225,
                "y": 0.4000000059604645
            },
            "ATKRange": {
                "x": 20,
                "y": 30
            },
            "MaxHpRange": {
                "x": 120,
                "y": 150
            },
            "DexterityRange": {
                "x": 2.0,
                "y": 3.0
            },
            "SkinColors": [
                {
                    "r": 0.0,
                    "g": 1.0,
                    "b": 0.02149176597595215,
                    "a": 1.0
                },
                {
                    "r": 1.0,
                    "g": 0.9564915895462036,
                    "b": 0.0,
                    "a": 0.9843137264251709
                },
                {
                    "r": 0.0,
                    "g": 1.0,
                    "b": 0.7445180416107178,
                    "a": 1.0
                }
            ]
        }
    ]
}
